label,trials,offset,trial_spacing,keys,direction,response_time,accuracy,response_numeric
Block 1: Binocular_Standard,0,-0.15,0,left,left,1.0605272999964654,correct,1
Block 1: Binocular_Standard,1,0.15,0,right,right,0.7420168000389822,correct,1
Block 1: Binocular_Standard,2,-0.13999999999999999,0,left,left,0.4028311000438407,correct,1
Block 1: Binocular_Standard,3,-0.13999999999999999,0,left,left,0.4323298999806866,correct,1
Block 1: Binocular_Standard,4,0.12999999999999998,0,right,right,0.44027590000769123,correct,1
Block 1: Binocular_Standard,5,0.12999999999999998,0,right,right,0.7197764000156894,correct,1
Block 1: Binocular_Standard,6,0.11999999999999998,0,right,right,0.63889600004768,correct,1
Block 1: Binocular_Standard,7,0.11999999999999998,0,right,right,0.6262955999700353,correct,1
Block 1: Binocular_Standard,8,-0.10999999999999999,0,left,left,0.4428738999995403,correct,1
Block 1: Binocular_Standard,9,-0.10999999999999999,0,left,left,0.4528859999845736,correct,1
Block 1: Binocular_Standard,10,-0.09999999999999999,0,left,left,0.5843244999996386,correct,1
Block 1: Binocular_Standard,11,-0.09999999999999999,0,left,left,0.7914392999955453,correct,1
Block 1: Binocular_Standard,12,0.09,0,right,right,0.3832960000145249,correct,1
Block 1: Binocular_Standard,13,0.09,0,right,right,0.5236434999969788,correct,1
Block 1: Binocular_Standard,14,0.08,0,right,right,0.6506193000241183,correct,1
Block 1: Binocular_Standard,15,-0.08,0,left,left,0.44381739996606484,correct,1
Block 1: Binocular_Standard,16,-0.07,0,left,left,0.5253746999660507,correct,1
Block 1: Binocular_Standard,17,-0.07,0,left,left,1.0089120999909937,correct,1
Block 1: Binocular_Standard,18,0.060000000000000005,0,right,right,0.35035389999393374,correct,1
Block 1: Binocular_Standard,19,0.060000000000000005,0,right,right,0.5294860999565572,correct,1
Block 1: Binocular_Standard,20,-0.05,0,right,left,0.605460699996911,false,0
Block 1: Binocular_Standard,21,-0.060000000000000005,0,left,left,0.37011389998951927,correct,1
Block 1: Binocular_Standard,22,0.060000000000000005,0,right,right,0.3281134000280872,correct,1
Block 1: Binocular_Standard,23,0.05,0,right,right,0.3801009999588132,correct,1
Block 1: Binocular_Standard,24,-0.05,0,right,left,0.4554210000205785,false,0
Block 1: Binocular_Standard,25,-0.060000000000000005,0,left,left,0.45410989999072626,correct,1
Block 1: Binocular_Standard,26,-0.060000000000000005,0,left,left,0.7189549999893643,correct,1
Block 1: Binocular_Standard,27,0.05,0,left,right,0.47252269997261465,false,0
Block 1: Binocular_Standard,28,-0.060000000000000005,0,left,left,0.4534284999826923,correct,1
Block 1: Binocular_Standard,29,0.060000000000000005,0,right,right,0.8554178000194952,correct,1
Block 1: Binocular_Standard,30,0.05,0,right,right,0.7226211000233889,correct,1
Block 1: Binocular_Standard,31,-0.05,0,left,left,0.42077549995156005,correct,1
Block 1: Binocular_Standard,32,0.04,0,left,right,0.6972553999512456,false,0
Block 1: Binocular_Standard,33,-0.05,0,left,left,0.6780832000076771,correct,1
Block 1: Binocular_Standard,34,-0.05,0,left,left,0.771739499992691,correct,1
Block 1: Binocular_Standard,35,0.04,0,left,right,0.5982098000240512,false,0
Block 1: Binocular_Standard,36,0.05,0,right,right,0.5153677000198513,correct,1
Block 1: Binocular_Standard,37,0.05,0,right,right,0.5458391000283882,correct,1
Block 1: Binocular_Standard,38,0.04,0,right,right,0.41051410004729405,correct,1
Block 1: Binocular_Standard,39,-0.04,0,right,left,0.5033265000092797,false,0
Block 1: Binocular_Standard,40,-0.05,0,left,left,0.4443410999956541,correct,1
Block 1: Binocular_Standard,41,0.05,0,left,right,0.462708700040821,false,0
Block 1: Binocular_Standard,42,0.060000000000000005,0,left,right,0.5043919999734499,false,0
Block 1: Binocular_Standard,43,0.07,0,right,right,0.6176282999804243,correct,1
Block 1: Binocular_Standard,44,0.07,0,right,right,0.6045898000011221,correct,1
Block 1: Binocular_Standard,45,0.060000000000000005,0,right,right,0.5338204000145197,correct,1
Block 1: Binocular_Standard,46,-0.060000000000000005,0,left,left,0.4613418999942951,correct,1
Block 1: Binocular_Standard,47,-0.05,0,left,left,0.39266630000201985,correct,1
Block 1: Binocular_Standard,48,-0.05,0,left,left,0.4527694999706,correct,1
Block 1: Binocular_Standard,49,-0.04,0,left,left,0.4422218999825418,correct,1
Block 1: Binocular_Standard,50,0.04,0,left,right,0.6496606000000611,false,0
Block 1: Binocular_Standard,51,0.05,0,right,right,0.47392089996719733,correct,1
Block 1: Binocular_Standard,52,0.05,0,right,right,0.5767230999772437,correct,1
Block 1: Binocular_Standard,53,-0.04,0,left,left,0.4440152999595739,correct,1
Block 1: Binocular_Standard,54,0.04,0,left,right,0.5037620999501087,false,0
Block 1: Binocular_Standard,55,0.05,0,right,right,0.5254065999761224,correct,1
Block 1: Binocular_Standard,56,0.05,0,right,right,0.49596199998632073,correct,1
Block 1: Binocular_Standard,57,-0.04,0,left,left,0.5360221000155434,correct,1
Block 1: Binocular_Standard,58,0.04,0,left,right,0.512851600011345,false,0
Block 1: Binocular_Standard,59,-0.05,0,left,left,0.4118884999770671,correct,1
Block 1: Binocular_Standard,60,-0.05,0,left,left,0.5130827999673784,correct,1
Block 1: Binocular_Standard,61,-0.04,0,left,left,0.5362796999979764,correct,1
Block 1: Binocular_Standard,62,0.04,0,right,right,0.6499114999896847,correct,1
Block 1: Binocular_Standard,63,-0.03,0,left,left,0.5551674999878742,correct,1
Block 1: Binocular_Standard,64,-0.03,0,left,left,0.5337935999850743,correct,1
Block 1: Binocular_Standard,65,0.019999999999999997,0,left,right,0.7844247999601066,false,0
Block 1: Binocular_Standard,66,0.03,0,left,right,0.5777444999548607,false,0
Block 1: Binocular_Standard,67,-0.04,0,right,left,0.5143874000059441,false,0
Block 1: Binocular_Standard,68,-0.05,0,left,left,0.4532344999606721,correct,1
Block 1: Binocular_Standard,69,-0.05,0,left,left,0.6603930999990553,correct,1
Block 1: Binocular_Standard,70,-0.04,0,right,left,1.0897311000153422,false,0
Block 1: Binocular_Standard,71,0.05,0,right,right,0.6598026000428945,correct,1
Block 1: Binocular_Standard,72,-0.05,0,left,left,0.4533940000110306,correct,1
Block 1: Binocular_Standard,73,0.04,0,left,right,0.8311945999739692,false,0
Block 1: Binocular_Standard,74,-0.05,0,left,left,0.44169040000997484,correct,1
Block 1: Binocular_Standard,75,-0.05,0,left,left,0.6824651999631897,correct,1
Block 1: Binocular_Standard,76,-0.04,0,left,left,2.977243199944496,correct,1
Block 1: Binocular_Standard,77,0.04,0,right,right,0.4849297999753617,correct,1
Block 1: Binocular_Standard,78,0.03,0,right,right,0.5434760000207461,correct,1
Block 1: Binocular_Standard,79,0.03,0,right,right,0.5363842999795452,correct,1
Block 1: Binocular_Standard,80,-0.019999999999999997,0,right,left,0.4944670999539085,false,0
Block 1: Binocular_Standard,81,-0.03,0,left,left,0.5339868000010028,correct,1
Block 1: Binocular_Standard,82,0.03,0,left,right,0.8741904000053182,false,0
Block 1: Binocular_Standard,83,0.04,0,left,right,0.6576753000263125,false,0
Block 1: Binocular_Standard,84,0.05,0,right,right,0.68771420000121,correct,1
Block 1: Binocular_Standard,85,-0.05,0,left,left,0.9268169999704696,correct,1
Block 1: Binocular_Standard,86,0.04,0,right,right,0.7585369999869727,correct,1
Block 1: Binocular_Standard,87,0.04,0,right,right,0.6102673999848776,correct,1
Block 1: Binocular_Standard,88,0.03,0,left,right,0.37957719998667017,false,0
Block 1: Binocular_Standard,89,0.04,0,right,right,0.6383660000283271,correct,1
Block 1: Binocular_Standard,90,0.04,0,left,right,0.7398068999755196,false,0
Block 1: Binocular_Standard,91,-0.05,0,left,left,0.6580663999775425,correct,1
Block 1: Binocular_Standard,92,0.05,0,right,right,0.5666191999916919,correct,1
Block 1: Binocular_Standard,93,0.04,0,right,right,0.922872900031507,correct,1
Block 1: Binocular_Standard,94,-0.04,0,left,left,0.659680099983234,correct,1
Block 1: Binocular_Standard,95,-0.03,0,left,left,0.5642137000104412,correct,1
Block 1: Binocular_Standard,96,-0.03,0,right,left,0.5661094000097364,false,0
Block 1: Binocular_Standard,97,-0.04,0,left,left,0.4622379000065848,correct,1
Block 1: Binocular_Standard,98,-0.04,0,right,left,0.4926483000162989,false,0
Block 1: Binocular_Standard,99,0.05,0,left,right,0.4123371000168845,false,0
Block 1: Binocular_Standard,100,-0.060000000000000005,0,left,left,0.6281952999997884,correct,1
Block 1: Binocular_Standard,101,0.060000000000000005,0,right,right,0.6987860000226647,correct,1
Block 1: Binocular_Standard,102,0.05,0,right,right,0.7614434999995865,correct,1
Block 1: Binocular_Standard,103,0.05,0,left,right,0.47312569996574894,false,0
Block 1: Binocular_Standard,104,-0.060000000000000005,0,left,left,0.7603734000003897,correct,1
Block 1: Binocular_Standard,105,-0.060000000000000005,0,left,left,0.7627368000103161,correct,1
Block 1: Binocular_Standard,106,-0.05,0,left,left,0.6498325999709778,correct,1
Block 1: Binocular_Standard,107,0.05,0,left,right,0.7833846000139602,false,0
Block 1: Binocular_Standard,108,-0.060000000000000005,0,left,left,0.5458736000000499,correct,1
Block 1: Binocular_Standard,109,0.060000000000000005,0,right,right,0.5849995000171475,correct,1
Block 1: Binocular_Standard,110,0.05,0,right,right,0.575323999975808,correct,1
Block 1: Binocular_Standard,111,0.05,0,right,right,0.5143329999991693,correct,1
Block 1: Binocular_Standard,112,0.04,0,right,right,0.8955151999834925,correct,1
Block 1: Binocular_Standard,113,-0.04,0,left,left,1.699351100018248,correct,1
Block 1: Binocular_Standard,114,0.03,0,left,right,1.1015002999920398,false,0
Block 1: Binocular_Standard,115,-0.04,0,left,left,0.5940630999975838,correct,1
Block 1: Binocular_Standard,116,-0.04,0,left,left,0.7191415000124834,correct,1
Block 1: Binocular_Standard,117,-0.03,0,left,left,1.4530876000062563,correct,1
Block 1: Binocular_Standard,118,0.03,0,left,right,0.8547017999808304,false,0
Block 1: Binocular_Standard,119,-0.04,0,right,left,0.39090920001035556,false,0
Block 1: Binocular_Standard,120,0.05,0,right,right,0.4348293000366539,correct,1
Block 1: Binocular_Standard,121,-0.05,0,right,left,0.5035875999601558,false,0
Block 1: Binocular_Standard,122,0.060000000000000005,0,right,right,0.48184580000815913,correct,1
Block 1: Binocular_Standard,123,0.060000000000000005,0,right,right,0.5274533000192605,correct,1
Block 1: Binocular_Standard,124,0.05,0,left,right,0.6886891999747604,false,0
Block 1: Binocular_Standard,125,0.060000000000000005,0,right,right,0.3501881000120193,correct,1
Block 1: Binocular_Standard,126,-0.060000000000000005,0,left,left,0.5351724000065587,correct,1
Block 1: Binocular_Standard,127,-0.05,0,right,left,0.4089071999769658,false,0
Block 1: Binocular_Standard,128,-0.060000000000000005,0,right,left,0.5633893000194803,false,0
Block 1: Binocular_Standard,129,-0.07,0,left,left,0.4926267000264488,correct,1
Block 1: Binocular_Standard,130,0.07,0,left,right,0.667470799991861,false,0
Block 1: Binocular_Standard,131,0.08,0,right,right,0.6070295000099577,correct,1
Block 1: Binocular_Standard,132,-0.08,0,left,left,0.44217430002754554,correct,1
Block 1: Binocular_Standard,133,-0.07,0,left,left,0.46249600005103275,correct,1
Block 1: Binocular_Standard,134,-0.07,0,left,left,0.7092384999850765,correct,1
Block 1: Binocular_Standard,135,0.060000000000000005,0,left,right,0.8450021999888122,false,0
Block 1: Binocular_Standard,136,-0.07,0,right,left,1.1097771000349894,false,0
Block 1: Binocular_Standard,137,0.08,0,right,right,0.6410680999979377,correct,1
Block 1: Binocular_Standard,138,-0.08,0,left,left,0.43241310003213584,correct,1
Block 1: Binocular_Standard,139,-0.07,0,left,left,0.45374319999245927,correct,1
Block 1: Binocular_Standard,140,0.07,0,right,right,0.7432091000373475,correct,1
Block 1: Binocular_Standard,141,-0.060000000000000005,0,left,left,0.6176015999517404,correct,1
Block 1: Binocular_Standard,142,-0.060000000000000005,0,left,left,0.4622139999992214,correct,1
Block 1: Binocular_Standard,143,-0.05,0,left,left,0.6484759000013582,correct,1
Block 1: Binocular_Standard,144,0.05,0,right,right,0.46192979998886585,correct,1
Block 1: Binocular_Standard,145,0.04,0,right,right,0.616346099996008,correct,1
Block 1: Binocular_Standard,146,0.04,0,left,right,0.6484029000275768,false,0
Block 1: Binocular_Standard,147,-0.05,0,left,left,0.6579037000192329,correct,1
Block 1: Binocular_Standard,148,-0.05,0,left,left,0.8039884999743663,correct,1
Block 1: Binocular_Standard,149,0.04,0,right,right,0.3584097000421025,correct,1
Block 1: Binocular_Standard,150,-0.04,0,left,left,0.627849199983757,correct,1
Block 1: Binocular_Standard,151,-0.03,0,left,left,0.9991445000050589,correct,1
Block 1: Binocular_Standard,152,0.03,0,right,right,0.7398317000479437,correct,1
Block 1: Binocular_Standard,153,-0.019999999999999997,0,left,left,0.8663341000210494,correct,1
Block 1: Binocular_Standard,154,0.019999999999999997,0,right,right,0.463960999972187,correct,1
Block 1: Binocular_Standard,155,0.009999999999999997,0,right,right,0.8966027999995276,correct,1
Block 1: Binocular_Standard,156,-0.009999999999999997,0,right,left,0.5023522000410594,false,0
Block 1: Binocular_Standard,157,0.019999999999999997,0,right,right,0.7836311000282876,correct,1
Block 1: Binocular_Standard,158,0.019999999999999997,0,right,right,0.9057659000391141,correct,1
Block 1: Binocular_Standard,159,-0.009999999999999997,0,right,left,0.7514385000104085,false,0
Block 1: Binocular_Standard,160,-0.019999999999999997,0,left,left,0.9572336000273935,correct,1
Block 1: Binocular_Standard,161,-0.019999999999999997,0,left,left,0.8770295000285842,correct,1
Block 1: Binocular_Standard,162,-0.009999999999999997,0,right,left,0.43190349999349564,false,0
Block 1: Binocular_Standard,163,0.019999999999999997,0,right,right,0.7414807000313886,correct,1
Block 1: Binocular_Standard,164,-0.019999999999999997,0,left,left,1.0380298999953084,correct,1
Block 1: Binocular_Standard,165,0.009999999999999997,0,left,right,0.9073670000070706,false,0
Block 1: Binocular_Standard,166,0.019999999999999997,0,right,right,0.6495070999953896,correct,1
Block 1: Binocular_Standard,167,-0.019999999999999997,0,left,left,0.5764833000139333,correct,1
Block 1: Binocular_Standard,168,0.009999999999999997,0,left,right,0.7835166999720968,false,0
Block 1: Binocular_Standard,169,0.019999999999999997,0,right,right,0.8949981000041589,correct,1
Block 2: Binocular_Crowded,0,-0.15,0.30164661422491357,left,left,1.0439189999597147,correct,1
Block 2: Binocular_Crowded,1,-0.15,0.3096778133179458,left,left,0.5142797000007704,correct,1
Block 2: Binocular_Crowded,2,0.13999999999999999,0.2898620835521812,right,right,0.47344620001967996,correct,1
Block 2: Binocular_Crowded,3,0.13999999999999999,0.2893159774558765,right,right,0.40067100001033396,correct,1
Block 2: Binocular_Crowded,4,0.12999999999999998,0.2948002265698786,right,right,0.46391719998791814,correct,1
Block 2: Binocular_Crowded,5,0.12999999999999998,0.29859670927195614,right,right,0.46298100001877174,correct,1
Block 2: Binocular_Crowded,6,0.11999999999999998,0.28458073485776164,right,right,0.49512949999189004,correct,1
Block 2: Binocular_Crowded,7,-0.11999999999999998,0.3184909438555677,left,left,0.4231018999707885,correct,1
Block 2: Binocular_Crowded,8,0.10999999999999999,0.3011417656190568,right,right,0.44100479996996,correct,1
Block 2: Binocular_Crowded,9,0.10999999999999999,0.31711052201940493,right,right,0.9097421999904327,correct,1
Block 2: Binocular_Crowded,10,0.09999999999999999,0.30405580157761547,right,right,0.6168889999971725,correct,1
Block 2: Binocular_Crowded,11,-0.09999999999999999,0.30998392510451545,left,left,0.43025350000243634,correct,1
Block 2: Binocular_Crowded,12,0.09,0.3025772948438455,right,right,0.6478413000004366,correct,1
Block 2: Binocular_Crowded,13,0.09,0.2921456089636983,right,right,0.5963917999761179,correct,1
Block 2: Binocular_Crowded,14,-0.08,0.31759046399766,left,left,0.38958020001882687,correct,1
Block 2: Binocular_Crowded,15,0.08,0.2882344288134508,right,right,0.3691510999924503,correct,1
Block 2: Binocular_Crowded,16,0.07,0.29136709922128634,right,right,0.5046343000140041,correct,1
Block 2: Binocular_Crowded,17,-0.07,0.3037295102978911,left,left,0.44329630001448095,correct,1
Block 2: Binocular_Crowded,18,-0.060000000000000005,0.2902718417629622,left,left,0.4957391999778338,correct,1
Block 2: Binocular_Crowded,19,0.060000000000000005,0.28872122428332997,right,right,0.4123867999878712,correct,1
Block 2: Binocular_Crowded,20,0.05,0.31681356212127976,right,right,0.5683985999785364,correct,1
Block 2: Binocular_Crowded,21,-0.05,0.31793389987479936,left,left,0.49252579995663837,correct,1
Block 2: Binocular_Crowded,22,-0.04,0.3118260624777669,right,left,0.35029069997835904,false,0
Block 2: Binocular_Crowded,23,-0.05,0.2961366971874718,left,left,0.40872639999724925,correct,1
Block 2: Binocular_Crowded,24,-0.05,0.2818321456784765,left,left,0.5991881000227295,correct,1
Block 2: Binocular_Crowded,25,-0.04,0.2875060261304454,left,left,0.512618399981875,correct,1
Block 2: Binocular_Crowded,26,0.04,0.2839913837921426,right,right,0.44311400002334267,correct,1
Block 2: Binocular_Crowded,27,0.03,0.2986368140218832,right,right,0.5951331999967806,correct,1
Block 2: Binocular_Crowded,28,0.03,0.2869820512217473,right,right,0.5056879000039771,correct,1
Block 2: Binocular_Crowded,29,-0.019999999999999997,0.29864466160284703,right,left,0.5839518000138924,false,0
Block 2: Binocular_Crowded,30,0.03,0.3114736224967102,right,right,0.4520965999690816,correct,1
Block 2: Binocular_Crowded,31,0.03,0.2888820999125346,right,right,0.47350590000860393,correct,1
Block 2: Binocular_Crowded,32,-0.019999999999999997,0.31811054817995826,right,left,0.669111899973359,false,0
Block 2: Binocular_Crowded,33,-0.03,0.2924784982271294,right,left,0.35876590001862496,false,0
Block 2: Binocular_Crowded,34,0.04,0.3061056701062742,right,right,0.38057939999271184,correct,1
Block 2: Binocular_Crowded,35,-0.04,0.31244428487499615,left,left,0.5142053000163287,correct,1
Block 2: Binocular_Crowded,36,0.03,0.3029459360077078,right,right,0.3806779999868013,correct,1
Block 2: Binocular_Crowded,37,0.03,0.2940623734746492,right,right,0.5431782000232488,correct,1
Block 2: Binocular_Crowded,38,0.019999999999999997,0.31804765760347575,right,right,0.6160731000127271,correct,1
Block 2: Binocular_Crowded,39,-0.019999999999999997,0.2924281772842543,left,left,0.5763194999890402,correct,1
Block 2: Binocular_Crowded,40,-0.009999999999999997,0.3195018616151104,right,left,0.7205643000197597,false,0
Block 2: Binocular_Crowded,41,0.019999999999999997,0.28677726318557434,right,right,0.6177766000037082,correct,1
Block 2: Binocular_Crowded,42,0.019999999999999997,0.2958567069065171,right,right,0.5980067999917082,correct,1
Block 2: Binocular_Crowded,43,0.009999999999999997,0.28774414427180567,right,right,0.5441520999884233,correct,1
Block 2: Binocular_Crowded,44,0.009999999999999997,0.28589453273753157,left,right,0.4539397999760695,false,0
Block 2: Binocular_Crowded,45,0.019999999999999997,0.31571654446990793,right,right,0.454265900014434,correct,1
Block 2: Binocular_Crowded,46,0.019999999999999997,0.2986996296381455,right,right,0.38052419997984543,correct,1
Block 2: Binocular_Crowded,47,0.009999999999999997,0.3161661857873186,right,right,0.578803299984429,correct,1
Block 2: Binocular_Crowded,48,-0.009999999999999997,0.31675579742217,right,left,0.5656730000046082,false,0
Block 2: Binocular_Crowded,49,-0.019999999999999997,0.2940709533769932,right,left,0.5871380000025965,false,0
Block 2: Binocular_Crowded,50,0.03,0.29397203058765337,right,right,0.6492299999808893,correct,1
Block 2: Binocular_Crowded,51,-0.03,0.2856215010384038,left,left,0.4011939000338316,correct,1
Block 2: Binocular_Crowded,52,-0.019999999999999997,0.29191885810075596,left,left,0.5538305999943987,correct,1
Block 2: Binocular_Crowded,53,0.019999999999999997,0.2984848628344513,right,right,0.41024160000961274,correct,1
Block 2: Binocular_Crowded,54,0.009999999999999997,0.31265523301721543,right,right,0.5126904000062495,correct,1
Block 2: Binocular_Crowded,55,0.009999999999999997,0.316377641604475,right,right,0.4625344999949448,correct,1
Block 2: Binocular_Crowded,56,0,0.31489836516403547,right,left,0.45123120001517236,false,0
Block 2: Binocular_Crowded,57,0.01,0.2822068883166012,right,right,0.6074880000087433,correct,1
Block 2: Binocular_Crowded,58,-0.01,0.2908571504801484,left,left,0.39980760001344606,correct,1
Block 2: Binocular_Crowded,59,-0.0,0.295879273507395,right,left,0.3819319999893196,false,0
Block 2: Binocular_Crowded,60,0.01,0.2874354276697575,right,right,0.5672333000111394,correct,1
Block 2: Binocular_Crowded,61,-0.01,0.2811201797850736,left,left,0.4007698000059463,correct,1
Block 2: Binocular_Crowded,62,-0.0,0.2941202723449656,right,left,0.22612579999258742,false,0
Block 2: Binocular_Crowded,63,0.01,0.2956522287414142,right,right,0.5032509000157006,correct,1
Block 2: Binocular_Crowded,64,-0.01,0.3004364320222556,left,left,0.28677499998593703,correct,1
Block 2: Binocular_Crowded,65,0.0,0.2866342285981562,right,right,0.3907179000088945,correct,1
Block 2: Binocular_Crowded,66,0.0,0.3154417991357913,left,right,0.4942452000104822,false,0
Block 2: Binocular_Crowded,67,-0.01,0.2837639609925166,right,left,0.27724700001999736,false,0
Block 2: Binocular_Crowded,68,-0.02,0.29427049376622055,left,left,0.4219671000028029,correct,1
Block 2: Binocular_Crowded,69,-0.02,0.3022580307220413,right,left,0.2455389999668114,false,0
Block 2: Binocular_Crowded,70,-0.03,0.3199776626953807,left,left,0.4201347000198439,correct,1
Block 2: Binocular_Crowded,71,-0.03,0.28052932836131195,right,left,0.30935560003854334,false,0
Block 2: Binocular_Crowded,72,-0.04,0.28970105056600304,left,left,0.3389918000320904,correct,1
Block 2: Binocular_Crowded,73,-0.04,0.2916738456697937,right,left,0.22578939999220893,false,0
Block 2: Binocular_Crowded,74,-0.05,0.2947297569129214,left,left,0.24630429997341707,correct,1
Block 2: Binocular_Crowded,75,-0.05,0.2862401565514441,right,left,0.3068555000354536,false,0
Block 2: Binocular_Crowded,76,-0.060000000000000005,0.3145455569445875,left,left,0.34916609997162595,correct,1
Block 2: Binocular_Crowded,77,-0.060000000000000005,0.2808212071815579,right,left,0.29615509998984635,false,0
Block 2: Binocular_Crowded,78,-0.07,0.3169995153909518,left,left,0.38087210000958294,correct,1
Block 2: Binocular_Crowded,79,0.07,0.3067231557988388,right,right,0.6998713999637403,correct,1
Block 2: Binocular_Crowded,80,0.060000000000000005,0.3188581018382131,right,right,0.47493130003567785,correct,1
Block 2: Binocular_Crowded,81,-0.060000000000000005,0.2982325398600057,left,left,0.516586699988693,correct,1
Block 2: Binocular_Crowded,82,-0.05,0.2857350322762982,right,left,0.23688040004344657,false,0
Block 2: Binocular_Crowded,83,0.060000000000000005,0.3157726748284784,right,right,0.5541548000182956,correct,1
Block 2: Binocular_Crowded,84,0.060000000000000005,0.3054393485657404,right,right,0.44336860004113987,correct,1
Block 2: Binocular_Crowded,85,0.05,0.29031476454771465,right,right,0.4114753999747336,correct,1
Block 2: Binocular_Crowded,86,-0.05,0.29939007372184756,right,left,0.31835549999959767,false,0
Block 2: Binocular_Crowded,87,0.060000000000000005,0.3074753380159341,right,right,0.3300810000509955,correct,1
Block 2: Binocular_Crowded,88,-0.060000000000000005,0.2815317003324772,right,left,0.3700195000274107,false,0
Block 2: Binocular_Crowded,89,-0.07,0.3142850343676534,left,left,0.5472349000046961,correct,1
Block 2: Binocular_Crowded,90,-0.07,0.2824823691258752,right,left,0.36037609999766573,false,0
Block 2: Binocular_Crowded,91,0.08,0.30676983559151993,right,right,0.6349548999569379,correct,1
Block 2: Binocular_Crowded,92,-0.08,0.30124709033236446,left,left,0.47199500002898276,correct,1
Block 2: Binocular_Crowded,93,0.07,0.30170698898180276,right,right,0.309006399998907,correct,1
Block 2: Binocular_Crowded,94,0.07,0.3105081746324456,right,right,0.4418324999860488,correct,1
Block 2: Binocular_Crowded,95,-0.060000000000000005,0.2903774701397068,left,left,0.422521400032565,correct,1
Block 2: Binocular_Crowded,96,-0.060000000000000005,0.3073156093160466,left,left,0.915381700033322,correct,1
Block 2: Binocular_Crowded,97,-0.05,0.31302755440326574,left,left,0.49385570001322776,correct,1
Block 2: Binocular_Crowded,98,0.05,0.28951681176825983,right,right,0.4000388999702409,correct,1
Block 2: Binocular_Crowded,99,0.04,0.3013080693246222,right,right,0.6145824000122957,correct,1
Block 2: Binocular_Crowded,100,-0.04,0.3060052416365818,left,left,0.5660400000051595,correct,1
Block 2: Binocular_Crowded,101,-0.03,0.2920085628503074,left,left,0.6212110999622382,correct,1
Block 2: Binocular_Crowded,102,-0.03,0.2859586916833522,left,left,0.7292116999742575,correct,1
Block 2: Binocular_Crowded,103,0.019999999999999997,0.3167956860049823,right,right,0.36896639998303726,correct,1
Block 2: Binocular_Crowded,104,-0.019999999999999997,0.31139246957873074,left,left,0.85534040001221,correct,1
Block 2: Binocular_Crowded,105,-0.009999999999999997,0.3147738007436516,left,left,1.277856000000611,correct,1
Block 2: Binocular_Crowded,106,-0.009999999999999997,0.2823491646343576,right,left,0.6787968000280671,false,0
Block 2: Binocular_Crowded,107,0.019999999999999997,0.29315950617672526,right,right,0.4627117000054568,correct,1
Block 2: Binocular_Crowded,108,-0.019999999999999997,0.2882242808379635,right,left,0.4927033999701962,false,0
Block 2: Binocular_Crowded,109,0.03,0.2985831553367788,right,right,0.43182970001362264,correct,1
Block 2: Binocular_Crowded,110,-0.03,0.2810740464598515,right,left,0.7006101000006311,false,0
Block 2: Binocular_Crowded,111,-0.04,0.28800121508520105,left,left,0.6059615000267513,correct,1
Block 2: Binocular_Crowded,112,0.04,0.2827878529999986,right,right,0.5533034999971278,correct,1
Block 2: Binocular_Crowded,113,0.03,0.28651944835842175,right,right,0.676939700031653,correct,1
Block 2: Binocular_Crowded,114,0.03,0.31989594162418594,right,right,0.5983435999951325,correct,1
Block 2: Binocular_Crowded,115,-0.019999999999999997,0.31866675920853804,right,left,0.4944279000046663,false,0
Block 2: Binocular_Crowded,116,0.03,0.29965181374436733,right,right,0.3279433000134304,correct,1
Block 2: Binocular_Crowded,117,0.03,0.3031738273549876,left,right,0.41188480000710115,false,0
Block 2: Binocular_Crowded,118,0.04,0.31242326690012784,right,right,0.544289099983871,correct,1
Block 2: Binocular_Crowded,119,0.04,0.29921187342713235,right,right,0.5373822000110522,correct,1
Block 2: Binocular_Crowded,120,-0.03,0.30734033048168014,right,left,0.40963749994989485,false,0
Block 2: Binocular_Crowded,121,-0.04,0.28619488128417375,right,left,0.3077132999897003,false,0
Block 2: Binocular_Crowded,122,0.05,0.2861030030192618,left,right,0.36823359999107197,false,0
Block 2: Binocular_Crowded,123,0.060000000000000005,0.30099913226120056,right,right,0.28926630003843457,correct,1
Block 2: Binocular_Crowded,124,0.060000000000000005,0.2805802846949712,right,right,0.48207229998661205,correct,1
Block 2: Binocular_Crowded,125,-0.05,0.2925069907127744,left,left,0.42106119997333735,correct,1
Block 2: Binocular_Crowded,126,0.05,0.2814387651187767,left,right,0.5250105999875814,false,0
Block 2: Binocular_Crowded,127,-0.060000000000000005,0.29173592707602797,left,left,0.46362860000226647,correct,1
Block 2: Binocular_Crowded,128,0.060000000000000005,0.309520507728143,right,right,0.3700793000170961,correct,1
Block 2: Binocular_Crowded,129,0.05,0.3011977560252766,right,right,0.4625713000423275,correct,1
Block 2: Binocular_Crowded,130,0.05,0.28224223065964293,right,right,0.4339788000215776,correct,1
Block 2: Binocular_Crowded,131,-0.04,0.31866894383730804,left,left,0.4948601999785751,correct,1
Block 2: Binocular_Crowded,132,0.04,0.3192613103204768,right,right,0.2776100999908522,correct,1
Block 2: Binocular_Crowded,133,0.03,0.3081127451456737,left,right,0.3398021999746561,false,0
Block 2: Binocular_Crowded,134,0.04,0.3128244034949056,right,right,0.30913150002015755,correct,1
Block 2: Binocular_Crowded,135,-0.04,0.30222613523609043,left,left,0.5361631999840029,correct,1
Block 2: Binocular_Crowded,136,0.03,0.2974225635531019,left,right,0.4141237000003457,false,0
Block 2: Binocular_Crowded,137,0.04,0.30178244538192595,right,right,0.4730443999869749,correct,1
Block 2: Binocular_Crowded,138,0.04,0.30875900150050056,right,right,0.20627399999648333,correct,1
Block 2: Binocular_Crowded,139,0.03,0.31941124911571234,left,right,0.40116239996859804,false,0
Block 2: Binocular_Crowded,140,-0.04,0.29126299351809426,right,left,0.29834440001286566,false,0
Block 2: Binocular_Crowded,141,-0.05,0.29302441312111743,left,left,0.3506471000146121,correct,1
Block 2: Binocular_Crowded,142,-0.05,0.28489366417045914,left,left,0.2768182000145316,correct,1
Block 2: Binocular_Crowded,143,-0.04,0.306703367892668,left,left,0.6997565999627113,correct,1
Block 2: Binocular_Crowded,144,0.04,0.28004549456442024,right,right,0.3076068999944255,correct,1
Block 2: Binocular_Crowded,145,0.03,0.3081839129592636,right,right,0.4324927999987267,correct,1
Block 2: Binocular_Crowded,146,0.03,0.2967518376899765,right,right,0.41127250000135973,correct,1
Block 2: Binocular_Crowded,147,-0.019999999999999997,0.2813718276223214,left,left,0.4319081000285223,correct,1
Block 2: Binocular_Crowded,148,-0.019999999999999997,0.3129889657882442,left,left,0.43945120001444593,correct,1
Block 2: Binocular_Crowded,149,-0.009999999999999997,0.2849916304227474,left,left,0.457745400024578,correct,1
Block 2: Binocular_Crowded,150,0.009999999999999997,0.3030999540441405,right,right,0.29744719999143854,correct,1
Block 2: Binocular_Crowded,151,0,0.29237221504941874,right,right,0.4025518000125885,correct,1
Block 2: Binocular_Crowded,152,0,0.2806992724093365,left,left,0.41254699998535216,correct,1
Block 2: Binocular_Crowded,153,0,0.2821187117844172,left,right,0.463691100012511,false,0
Block 2: Binocular_Crowded,154,-0.01,0.2999786015019154,left,left,0.2775258999899961,correct,1
Block 2: Binocular_Crowded,155,-0.01,0.2843471362025082,right,left,0.34966559999156743,false,0
Block 2: Binocular_Crowded,156,-0.02,0.28156899985065864,left,left,0.2564879000419751,correct,1
Block 2: Binocular_Crowded,157,-0.02,0.2913436323225116,right,left,0.329853400005959,false,0
Block 2: Binocular_Crowded,158,-0.03,0.3003580982929155,left,left,0.19453829998383299,correct,1
Block 2: Binocular_Crowded,159,-0.03,0.3094490485752953,right,left,0.277051399985794,false,0
Block 2: Binocular_Crowded,160,0.04,0.30201776901171257,right,right,0.25540889997500926,correct,1
Block 2: Binocular_Crowded,161,-0.04,0.3188992993107246,left,left,0.27593029994750395,correct,1
Block 2: Binocular_Crowded,162,0.03,0.3151463913239779,right,right,0.32845490000909194,correct,1
Block 2: Binocular_Crowded,163,-0.03,0.28887052989479867,left,left,0.26656409999122843,correct,1
Block 2: Binocular_Crowded,164,0.019999999999999997,0.3073227839779054,right,right,0.2657446000375785,correct,1
Block 2: Binocular_Crowded,165,0.019999999999999997,0.30164781109291666,right,right,0.27798700000857934,correct,1
Block 2: Binocular_Crowded,166,0.009999999999999997,0.3092959290861622,left,right,0.25600090000079945,false,0
Block 2: Binocular_Crowded,167,-0.019999999999999997,0.28054204754786427,left,left,0.5571770000387914,correct,1
Block 2: Binocular_Crowded,168,-0.019999999999999997,0.3023664677314366,right,left,0.4514909000135958,false,0
Block 2: Binocular_Crowded,169,-0.03,0.28447236458391656,right,left,1.0923200999968685,false,0
Block 3: Monocular_Standard,0,0.15,0,left,right,1.1506617999984883,false,0
Block 3: Monocular_Standard,1,0.16,0,right,right,0.6890258999774233,correct,1
Block 3: Monocular_Standard,2,-0.16,0,left,left,0.33772930002305657,correct,1
Block 3: Monocular_Standard,3,-0.15,0,left,left,0.6400141000049189,correct,1
Block 3: Monocular_Standard,4,-0.15,0,left,left,0.6787014000001363,correct,1
Block 3: Monocular_Standard,5,-0.13999999999999999,0,left,left,0.8022633999935351,correct,1
Block 3: Monocular_Standard,6,-0.13999999999999999,0,left,left,0.7004795000539161,correct,1
Block 3: Monocular_Standard,7,0.12999999999999998,0,right,right,0.44114280003122985,correct,1
Block 3: Monocular_Standard,8,0.12999999999999998,0,right,right,0.4620447999914177,correct,1
Block 3: Monocular_Standard,9,-0.11999999999999998,0,left,left,0.5881394000025466,correct,1
Block 3: Monocular_Standard,10,0.11999999999999998,0,right,right,0.4532508000265807,correct,1
Block 3: Monocular_Standard,11,0.10999999999999999,0,right,right,0.3801710999687202,correct,1
Block 3: Monocular_Standard,12,0.10999999999999999,0,right,right,0.4217443999950774,correct,1
Block 3: Monocular_Standard,13,0.09999999999999999,0,right,right,0.4007471000077203,correct,1
Block 3: Monocular_Standard,14,0.09999999999999999,0,right,right,0.33828610001364723,correct,1
Block 3: Monocular_Standard,15,-0.09,0,left,left,0.41144270001677796,correct,1
Block 3: Monocular_Standard,16,0.09,0,right,right,0.2663059000042267,correct,1
Block 3: Monocular_Standard,17,0.08,0,right,right,0.4317653000471182,correct,1
Block 3: Monocular_Standard,18,-0.08,0,left,left,0.31837600003927946,correct,1
Block 3: Monocular_Standard,19,0.07,0,right,right,0.27707259997259825,correct,1
Block 3: Monocular_Standard,20,0.07,0,right,right,0.35062729998026043,correct,1
Block 3: Monocular_Standard,21,-0.060000000000000005,0,right,left,0.3275666999979876,false,0
Block 3: Monocular_Standard,22,-0.07,0,left,left,0.6898476000060327,correct,1
Block 3: Monocular_Standard,23,-0.07,0,right,left,0.18400329997530207,false,0
Block 3: Monocular_Standard,24,-0.08,0,left,left,0.38938520004739985,correct,1
Block 3: Monocular_Standard,25,0.08,0,right,right,0.5743349000113085,correct,1
Block 3: Monocular_Standard,26,0.07,0,right,right,0.3993060999782756,correct,1
Block 3: Monocular_Standard,27,-0.07,0,left,left,0.24517179996473715,correct,1
Block 3: Monocular_Standard,28,0.060000000000000005,0,right,right,0.2567433000076562,correct,1
Block 3: Monocular_Standard,29,-0.060000000000000005,0,left,left,0.3807228999794461,correct,1
Block 3: Monocular_Standard,30,0.05,0,right,right,0.2769683999940753,correct,1
Block 3: Monocular_Standard,31,0.05,0,left,right,0.2460587000241503,false,0
Block 3: Monocular_Standard,32,0.060000000000000005,0,right,right,0.29619500000262633,correct,1
Block 3: Monocular_Standard,33,-0.060000000000000005,0,right,left,0.4115206000278704,false,0
Block 3: Monocular_Standard,34,0.07,0,left,right,0.2560189999639988,false,0
Block 3: Monocular_Standard,35,-0.08,0,right,left,0.2866853000014089,false,0
Block 3: Monocular_Standard,36,-0.09,0,left,left,0.3379669999703765,correct,1
Block 3: Monocular_Standard,37,0.09,0,right,right,0.23633420001715422,correct,1
Block 3: Monocular_Standard,38,-0.08,0,left,left,0.3610592999611981,correct,1
Block 3: Monocular_Standard,39,0.08,0,right,right,0.18341720005264506,correct,1
Block 3: Monocular_Standard,40,-0.07,0,left,left,0.23634730000048876,correct,1
Block 3: Monocular_Standard,41,0.07,0,right,right,0.2349468999891542,correct,1
Block 3: Monocular_Standard,42,0.060000000000000005,0,left,right,0.22520470002200454,false,0
Block 3: Monocular_Standard,43,-0.07,0,right,left,0.23729419999290258,false,0
Block 3: Monocular_Standard,44,-0.08,0,left,left,0.22595620003994554,correct,1
Block 3: Monocular_Standard,45,-0.08,0,right,left,0.19554270000662655,false,0
Block 3: Monocular_Standard,46,0.09,0,left,right,0.3073838999844156,false,0
Block 3: Monocular_Standard,47,-0.09999999999999999,0,right,left,0.21471070003462955,false,0
Block 3: Monocular_Standard,48,0.10999999999999999,0,left,right,0.2461951000150293,false,0
Block 3: Monocular_Standard,49,0.11999999999999998,0,right,right,0.20576270000310615,correct,1
Block 3: Monocular_Standard,50,0.11999999999999998,0,left,right,0.36040639999555424,false,0
Block 3: Monocular_Standard,51,-0.12999999999999998,0,right,left,0.2163299000239931,false,0
Block 3: Monocular_Standard,52,-0.13999999999999999,0,left,left,0.3187587999855168,correct,1
Block 3: Monocular_Standard,53,-0.13999999999999999,0,right,left,0.3376443000161089,false,0
Block 3: Monocular_Standard,54,-0.15,0,left,left,0.20408200001111254,correct,1
Block 3: Monocular_Standard,55,0.15,0,right,right,0.30804520001402125,correct,1
Block 3: Monocular_Standard,56,-0.13999999999999999,0,left,left,0.3911985000013374,correct,1
Block 3: Monocular_Standard,57,-0.13999999999999999,0,left,left,0.34863590000895783,correct,1
Block 3: Monocular_Standard,58,0.12999999999999998,0,right,right,0.3408248999621719,correct,1
Block 3: Monocular_Standard,59,-0.12999999999999998,0,left,left,0.19529220002004877,correct,1
Block 3: Monocular_Standard,60,0.11999999999999998,0,right,right,0.14332589996047318,correct,1
Block 3: Monocular_Standard,61,0.11999999999999998,0,left,right,0.13286359998164698,false,0
Block 3: Monocular_Standard,62,0.12999999999999998,0,right,right,0.24608760001137853,correct,1
Block 3: Monocular_Standard,63,-0.12999999999999998,0,left,left,0.4827985999872908,correct,1
Block 3: Monocular_Standard,64,0.11999999999999998,0,right,right,0.28880039998330176,correct,1
Block 3: Monocular_Standard,65,0.11999999999999998,0,left,right,0.20446580002317205,false,0
Block 3: Monocular_Standard,66,-0.12999999999999998,0,right,left,0.25743749999674037,false,0
Block 3: Monocular_Standard,67,-0.13999999999999999,0,left,left,0.42386529996292666,correct,1
Block 3: Monocular_Standard,68,0.13999999999999999,0,right,right,0.29783060000045225,correct,1
Block 3: Monocular_Standard,69,0.12999999999999998,0,right,right,0.41081699996721,correct,1
Block 3: Monocular_Standard,70,0.12999999999999998,0,right,right,0.3606435999972746,correct,1
Block 3: Monocular_Standard,71,-0.11999999999999998,0,left,left,0.3284228999982588,correct,1
Block 3: Monocular_Standard,72,0.11999999999999998,0,right,right,0.3591241000103764,correct,1
Block 3: Monocular_Standard,73,0.10999999999999999,0,right,right,0.4315608000033535,correct,1
Block 3: Monocular_Standard,74,0.10999999999999999,0,right,right,0.3606858999701217,correct,1
Block 3: Monocular_Standard,75,-0.09999999999999999,0,left,left,0.3075875000213273,correct,1
Block 3: Monocular_Standard,76,0.09999999999999999,0,right,right,0.17375149996951222,correct,1
Block 3: Monocular_Standard,77,0.09,0,left,right,0.2464830999961123,false,0
Block 3: Monocular_Standard,78,-0.09999999999999999,0,right,left,0.3291957000037655,false,0
Block 3: Monocular_Standard,79,-0.10999999999999999,0,left,left,0.629228699952364,correct,1
Block 3: Monocular_Standard,80,-0.10999999999999999,0,right,left,0.25586510001448914,false,0
Block 3: Monocular_Standard,81,-0.11999999999999998,0,left,left,0.8536573000019416,correct,1
Block 3: Monocular_Standard,82,0.11999999999999998,0,right,right,0.5888763999682851,correct,1
Block 3: Monocular_Standard,83,-0.10999999999999999,0,left,left,0.21532009996008128,correct,1
Block 3: Monocular_Standard,84,-0.10999999999999999,0,right,left,0.23727540002437308,false,0
Block 3: Monocular_Standard,85,-0.11999999999999998,0,left,left,0.7815970000228845,correct,1
Block 3: Monocular_Standard,86,-0.11999999999999998,0,left,left,0.6187967000296339,correct,1
Block 3: Monocular_Standard,87,-0.10999999999999999,0,left,left,0.30795089999446645,correct,1
Block 3: Monocular_Standard,88,0.10999999999999999,0,right,right,0.3268067999742925,correct,1
Block 3: Monocular_Standard,89,-0.09999999999999999,0,left,left,0.3274970999918878,correct,1
Block 3: Monocular_Standard,90,0.09999999999999999,0,right,right,0.18360600003506988,correct,1
Block 3: Monocular_Standard,91,-0.09,0,left,left,0.19443829997908324,correct,1
Block 3: Monocular_Standard,92,-0.09,0,left,left,0.44183170003816485,correct,1
Block 3: Monocular_Standard,93,0.08,0,left,right,0.30833690002327785,false,0
Block 3: Monocular_Standard,94,-0.09,0,right,left,0.44423289998667315,false,0
Block 3: Monocular_Standard,95,-0.09999999999999999,0,left,left,0.3279791999957524,correct,1
Block 3: Monocular_Standard,96,-0.09999999999999999,0,left,left,0.3910310000064783,correct,1
Block 3: Monocular_Standard,97,0.09,0,right,right,0.36099359998479486,correct,1
Block 3: Monocular_Standard,98,0.09,0,right,right,0.42133290000492707,correct,1
Block 3: Monocular_Standard,99,0.08,0,right,right,0.3907494000159204,correct,1
Block 3: Monocular_Standard,100,0.08,0,right,right,0.34985140000935644,correct,1
Block 3: Monocular_Standard,101,0.07,0,right,right,0.32742779998807237,correct,1
Block 3: Monocular_Standard,102,-0.07,0,right,left,0.3183522999752313,false,0
Block 3: Monocular_Standard,103,-0.08,0,right,left,0.5879527000361122,false,0
Block 3: Monocular_Standard,104,0.09,0,right,right,0.43877340003382415,correct,1
Block 3: Monocular_Standard,105,0.09,0,right,right,0.45166389999212697,correct,1
Block 3: Monocular_Standard,106,-0.08,0,left,left,0.3500293999677524,correct,1
Block 3: Monocular_Standard,107,0.08,0,right,right,0.24718000000575557,correct,1
Block 3: Monocular_Standard,108,0.07,0,left,right,0.22648620000109076,false,0
Block 3: Monocular_Standard,109,0.08,0,right,right,0.22551830002339557,correct,1
Block 3: Monocular_Standard,110,-0.08,0,left,left,0.6691788999596611,correct,1
Block 3: Monocular_Standard,111,0.07,0,right,right,0.2885509000043385,correct,1
Block 3: Monocular_Standard,112,0.07,0,right,right,0.46153910004068166,correct,1
Block 3: Monocular_Standard,113,-0.060000000000000005,0,right,left,0.43125580000923946,false,0
Block 3: Monocular_Standard,114,0.07,0,right,right,0.3801477000233717,correct,1
Block 3: Monocular_Standard,115,-0.07,0,left,left,0.352788700023666,correct,1
Block 3: Monocular_Standard,116,-0.060000000000000005,0,right,left,0.7120749999885447,false,0
Block 3: Monocular_Standard,117,-0.07,0,right,left,0.8030090999673121,false,0
Block 3: Monocular_Standard,118,0.08,0,right,right,0.7000412000343204,correct,1
Block 3: Monocular_Standard,119,0.08,0,left,right,0.27768669999204576,false,0
Block 3: Monocular_Standard,120,0.09,0,right,right,0.41149480000603944,correct,1
Block 3: Monocular_Standard,121,-0.09,0,right,left,0.6583004000131041,false,0
Block 3: Monocular_Standard,122,-0.09999999999999999,0,left,left,0.5258197999792174,correct,1
Block 3: Monocular_Standard,123,0.09999999999999999,0,right,right,0.46261470002355054,correct,1
Block 3: Monocular_Standard,124,-0.09,0,left,left,0.33831520000239834,correct,1
Block 3: Monocular_Standard,125,0.09,0,right,right,0.41957740002544597,correct,1
Block 3: Monocular_Standard,126,0.08,0,right,right,0.659119899966754,correct,1
Block 3: Monocular_Standard,127,-0.08,0,left,left,0.37974010000471026,correct,1
Block 3: Monocular_Standard,128,0.07,0,right,right,0.35957929998403415,correct,1
Block 3: Monocular_Standard,129,-0.07,0,left,left,0.4331966999452561,correct,1
Block 3: Monocular_Standard,130,-0.060000000000000005,0,left,left,0.49242490000324324,correct,1
Block 3: Monocular_Standard,131,-0.060000000000000005,0,left,left,0.45255660003749654,correct,1
Block 3: Monocular_Standard,132,0.05,0,right,right,0.44100560003425926,correct,1
Block 3: Monocular_Standard,133,-0.05,0,right,left,0.7655336000025272,false,0
Block 3: Monocular_Standard,134,0.060000000000000005,0,right,right,0.5317381999921054,correct,1
Block 3: Monocular_Standard,135,-0.060000000000000005,0,left,left,0.5958218000014313,correct,1
Block 3: Monocular_Standard,136,0.05,0,left,right,0.577895599999465,false,0
Block 3: Monocular_Standard,137,0.060000000000000005,0,right,right,0.8144512999569997,correct,1
Block 3: Monocular_Standard,138,-0.060000000000000005,0,right,left,0.6988210999988951,false,0
Block 3: Monocular_Standard,139,0.07,0,right,right,0.444748499954585,correct,1
Block 3: Monocular_Standard,140,-0.07,0,right,left,0.5052534000133164,false,0
Block 3: Monocular_Standard,141,0.08,0,right,right,0.41065730003174394,correct,1
Block 3: Monocular_Standard,142,-0.08,0,left,left,0.5136908999993466,correct,1
Block 3: Monocular_Standard,143,-0.07,0,left,left,0.42018229997484013,correct,1
Block 3: Monocular_Standard,144,0.07,0,left,right,0.527035600040108,false,0
Block 3: Monocular_Standard,145,-0.08,0,left,left,0.42378690000623465,correct,1
Block 3: Monocular_Standard,146,-0.08,0,left,left,0.40924900001846254,correct,1
Block 3: Monocular_Standard,147,0.07,0,left,right,0.5114755000104196,false,0
Block 3: Monocular_Standard,148,0.08,0,right,right,0.4835231999750249,correct,1
Block 3: Monocular_Standard,149,0.08,0,right,right,0.5458142000134103,correct,1
Block 3: Monocular_Standard,150,0.07,0,right,right,0.4731117999763228,correct,1
Block 3: Monocular_Standard,151,-0.07,0,left,left,0.6603565999539569,correct,1
Block 3: Monocular_Standard,152,-0.060000000000000005,0,left,left,0.6361351000377908,correct,1
Block 3: Monocular_Standard,153,-0.060000000000000005,0,left,left,0.46205899998312816,correct,1
Block 3: Monocular_Standard,154,-0.05,0,left,left,0.43206999998074025,correct,1
Block 3: Monocular_Standard,155,0.05,0,left,right,0.38113330001942813,false,0
Block 3: Monocular_Standard,156,-0.060000000000000005,0,left,left,0.4934901000233367,correct,1
Block 3: Monocular_Standard,157,0.060000000000000005,0,right,right,0.5033278000191785,correct,1
Block 3: Monocular_Standard,158,-0.05,0,left,left,0.43285159999504685,correct,1
Block 3: Monocular_Standard,159,-0.05,0,right,left,0.5248435999965295,false,0
Block 3: Monocular_Standard,160,-0.060000000000000005,0,left,left,0.3270881000207737,correct,1
Block 3: Monocular_Standard,161,-0.060000000000000005,0,right,left,0.39149249996989965,false,0
Block 3: Monocular_Standard,162,-0.07,0,left,left,0.30770840001059696,correct,1
Block 3: Monocular_Standard,163,0.07,0,left,right,0.39204240002436563,false,0
Block 3: Monocular_Standard,164,0.08,0,right,right,0.48420909995911643,correct,1
Block 3: Monocular_Standard,165,0.08,0,right,right,0.36964259995147586,correct,1
Block 3: Monocular_Standard,166,-0.07,0,left,left,0.5234250000212342,correct,1
Block 3: Monocular_Standard,167,0.07,0,right,right,0.30837320000864565,correct,1
Block 3: Monocular_Standard,168,-0.060000000000000005,0,left,left,0.27800579997710884,correct,1
Block 3: Monocular_Standard,169,0.060000000000000005,0,right,right,0.2354878000332974,correct,1
Block 4: Monocular_Crowded,0,0.15,0.30229732907841705,left,right,1.2552075000130571,false,0
Block 4: Monocular_Crowded,1,0.16,0.2857363750707567,right,right,0.44324309995863587,correct,1
Block 4: Monocular_Crowded,2,-0.16,0.3188625715673754,left,left,0.4405473999795504,correct,1
Block 4: Monocular_Crowded,3,0.15,0.2887800921935254,right,right,0.4350622000056319,correct,1
Block 4: Monocular_Crowded,4,0.15,0.283327755665228,right,right,0.6167349999886937,correct,1
Block 4: Monocular_Crowded,5,0.13999999999999999,0.304566493292632,right,right,0.389549600018654,correct,1
Block 4: Monocular_Crowded,6,0.13999999999999999,0.30241993983090953,right,right,2.1642046999768354,correct,1
Block 4: Monocular_Crowded,7,-0.12999999999999998,0.2966533982139922,left,left,0.4205793000292033,correct,1
Block 4: Monocular_Crowded,8,-0.12999999999999998,0.28044137208671177,left,left,0.47274080000352114,correct,1
Block 4: Monocular_Crowded,9,-0.11999999999999998,0.3054443753285569,left,left,0.36941129999468103,correct,1
Block 4: Monocular_Crowded,10,0.11999999999999998,0.3191624625935683,right,right,0.3292635999969207,correct,1
Block 4: Monocular_Crowded,11,0.10999999999999999,0.2925086671658909,right,right,0.357890099985525,correct,1
Block 4: Monocular_Crowded,12,-0.10999999999999999,0.28249184220700485,left,left,0.3385398000245914,correct,1
Block 4: Monocular_Crowded,13,-0.09999999999999999,0.28202979792938354,left,left,0.37089690001448616,correct,1
Block 4: Monocular_Crowded,14,0.09999999999999999,0.2926809366385665,right,right,0.3586743000196293,correct,1
Block 4: Monocular_Crowded,15,-0.09,0.31445849869787296,left,left,0.3721095999935642,correct,1
Block 4: Monocular_Crowded,16,-0.09,0.2830531557779112,left,left,0.5157417999580503,correct,1
Block 4: Monocular_Crowded,17,-0.08,0.31260132500984794,left,left,0.7147099999710917,correct,1
Block 4: Monocular_Crowded,18,-0.08,0.281935132389268,left,left,0.534609799971804,correct,1
Block 4: Monocular_Crowded,19,0.07,0.288167692284471,right,right,0.39992529997834936,correct,1
Block 4: Monocular_Crowded,20,-0.07,0.2945026458979995,left,left,0.422644299978856,correct,1
Block 4: Monocular_Crowded,21,0.060000000000000005,0.3024147580300973,right,right,0.33901049999985844,correct,1
Block 4: Monocular_Crowded,22,0.060000000000000005,0.3104743431484674,right,right,0.6790326999616809,correct,1
Block 4: Monocular_Crowded,23,0.05,0.29697782785964594,right,right,1.5130264000035822,correct,1
Block 4: Monocular_Crowded,24,-0.05,0.2978996043866397,left,left,0.3286334999720566,correct,1
Block 4: Monocular_Crowded,25,-0.04,0.28367374808995705,left,left,0.4000872999895364,correct,1
Block 4: Monocular_Crowded,26,-0.04,0.3199294713318098,left,left,0.473453700018581,correct,1
Block 4: Monocular_Crowded,27,0.03,0.295038309198553,right,right,0.40281059994595125,correct,1
Block 4: Monocular_Crowded,28,0.03,0.28257771313291785,right,right,0.381617599981837,correct,1
Block 4: Monocular_Crowded,29,0.019999999999999997,0.2916914496507122,right,right,0.7402823000447825,correct,1
Block 4: Monocular_Crowded,30,0.019999999999999997,0.2943351163264135,right,right,0.6573257999843918,correct,1
Block 4: Monocular_Crowded,31,0.009999999999999997,0.3047024447022962,right,right,0.5767367000225931,correct,1
Block 4: Monocular_Crowded,32,0.009999999999999997,0.3129937493191994,left,right,0.5049106999649666,false,0
Block 4: Monocular_Crowded,33,0.019999999999999997,0.30028329985371294,right,right,0.412219499994535,correct,1
Block 4: Monocular_Crowded,34,0.019999999999999997,0.2933358657720591,right,right,0.5663962999824435,correct,1
Block 4: Monocular_Crowded,35,-0.009999999999999997,0.29377792280035375,right,left,0.6814262999687344,false,0
Block 4: Monocular_Crowded,36,0.019999999999999997,0.2821070479958133,right,right,0.8144008999806829,correct,1
Block 4: Monocular_Crowded,37,0.019999999999999997,0.28758036918445873,right,right,0.9258568999939598,correct,1
Block 4: Monocular_Crowded,38,-0.009999999999999997,0.30801585894276795,right,left,0.5456915999529883,false,0
Block 4: Monocular_Crowded,39,0.019999999999999997,0.2929107517536566,right,right,0.48470820003421977,correct,1
Block 4: Monocular_Crowded,40,-0.019999999999999997,0.2993291412299191,right,left,0.4235080999787897,false,0
Block 4: Monocular_Crowded,41,0.03,0.28067052602787923,right,right,0.3398130999994464,correct,1
Block 4: Monocular_Crowded,42,-0.03,0.31825241116523983,right,left,0.3802656000480056,false,0
Block 4: Monocular_Crowded,43,-0.04,0.3167544729504439,right,left,0.4012503999983892,false,0
Block 4: Monocular_Crowded,44,0.05,0.30106514630270703,right,right,0.5771234999992885,correct,1
Block 4: Monocular_Crowded,45,-0.05,0.29555037633183795,right,left,0.4625603000167757,false,0
Block 4: Monocular_Crowded,46,-0.060000000000000005,0.30020775491041507,left,left,0.5054177000420168,correct,1
Block 4: Monocular_Crowded,47,-0.060000000000000005,0.30970665088720906,left,left,0.47494589997222647,correct,1
Block 4: Monocular_Crowded,48,-0.05,0.30414630523553277,left,left,0.5344929000129923,correct,1
Block 4: Monocular_Crowded,49,0.05,0.30836923242497144,right,right,0.4743855000124313,correct,1
Block 4: Monocular_Crowded,50,0.04,0.30925821682523635,right,right,0.4742040000273846,correct,1
Block 4: Monocular_Crowded,51,-0.04,0.31790034807367107,right,left,0.49700770003255457,false,0
Block 4: Monocular_Crowded,52,-0.05,0.30202940280103147,left,left,0.556347600009758,correct,1
Block 4: Monocular_Crowded,53,0.05,0.310689747946504,right,right,0.36170209996635094,correct,1
Block 4: Monocular_Crowded,54,0.04,0.30658128448129673,right,right,0.5772985999938101,correct,1
Block 4: Monocular_Crowded,55,0.04,0.3112454180006119,right,right,0.4633087000111118,correct,1
Block 4: Monocular_Crowded,56,0.03,0.2932353737198886,right,right,0.5257392000057735,correct,1
Block 4: Monocular_Crowded,57,-0.03,0.2912848520903235,right,left,0.42230919998837635,false,0
Block 4: Monocular_Crowded,58,0.04,0.3021211038604815,right,right,0.5151408999809064,correct,1
Block 4: Monocular_Crowded,59,-0.04,0.28615607186397735,right,left,0.42395290004787967,false,0
Block 4: Monocular_Crowded,60,-0.05,0.3094302721458193,left,left,0.5654929999727756,correct,1
Block 4: Monocular_Crowded,61,-0.05,0.3024011589378866,right,left,0.34140719997230917,false,0
Block 4: Monocular_Crowded,62,-0.060000000000000005,0.2982160892711533,left,left,0.34819320001406595,correct,1
Block 4: Monocular_Crowded,63,0.060000000000000005,0.2885644484961967,right,right,0.513515800004825,correct,1
Block 4: Monocular_Crowded,64,-0.05,0.302341738815815,left,left,0.5873963000485674,correct,1
Block 4: Monocular_Crowded,65,0.05,0.28388438701428603,right,right,0.41179789998568594,correct,1
Block 4: Monocular_Crowded,66,0.04,0.28284421115833935,right,right,0.46240939997369424,correct,1
Block 4: Monocular_Crowded,67,-0.04,0.3031548104474826,right,left,0.7837651000008918,false,0
Block 4: Monocular_Crowded,68,0.05,0.3033108285635415,right,right,0.6376991999568418,correct,1
Block 4: Monocular_Crowded,69,0.05,0.2958994463205018,right,right,0.5656758000259288,correct,1
Block 4: Monocular_Crowded,70,0.04,0.3031770373243281,right,right,0.5150416999822482,correct,1
Block 4: Monocular_Crowded,71,0.04,0.28155413354410197,right,right,0.585235400008969,correct,1
Block 4: Monocular_Crowded,72,-0.03,0.3178446369480006,left,left,0.5874536000192165,correct,1
Block 4: Monocular_Crowded,73,-0.03,0.30872740912876717,right,left,0.4641717000049539,false,0
Block 4: Monocular_Crowded,74,-0.04,0.2966513841739714,left,left,0.4220995000214316,correct,1
Block 4: Monocular_Crowded,75,0.04,0.30104205639021986,right,right,0.6494084000005387,correct,1
Block 4: Monocular_Crowded,76,0.03,0.311299335497113,left,right,0.45261649996973574,false,0
Block 4: Monocular_Crowded,77,-0.04,0.29790412186012194,right,left,0.32802000001538545,false,0
Block 4: Monocular_Crowded,78,0.05,0.3000530097404713,left,right,0.5977362999692559,false,0
Block 4: Monocular_Crowded,79,0.060000000000000005,0.3082538265259266,right,right,0.37995880004018545,correct,1
Block 4: Monocular_Crowded,80,0.060000000000000005,0.28044757657092867,right,right,0.3918544999905862,correct,1
Block 4: Monocular_Crowded,81,-0.05,0.3080174465238481,left,left,0.48586830002022907,correct,1
Block 4: Monocular_Crowded,82,-0.05,0.28229706953305406,left,left,0.6097211000160314,correct,1
Block 4: Monocular_Crowded,83,0.04,0.28104565302873935,left,right,0.6377611999632791,false,0
Block 4: Monocular_Crowded,84,-0.05,0.31282895387342907,left,left,0.7731355999712832,correct,1
Block 4: Monocular_Crowded,85,-0.05,0.2938007689677853,left,left,0.6277191000408493,correct,1
Block 4: Monocular_Crowded,86,-0.04,0.3171277898888722,left,left,2.2427640999667346,correct,1
Block 4: Monocular_Crowded,87,-0.04,0.29447950289404295,right,left,1.1238116000313312,false,0
Block 4: Monocular_Crowded,88,0.05,0.28468942487043475,right,right,0.5571351000107825,correct,1
Block 4: Monocular_Crowded,89,-0.05,0.3051418183431065,left,left,0.4009095999645069,correct,1
Block 4: Monocular_Crowded,90,0.04,0.308335994837197,right,right,0.5228386999806389,correct,1
Block 4: Monocular_Crowded,91,-0.04,0.3090691022597235,right,left,0.5679290000116453,false,0
Block 4: Monocular_Crowded,92,0.05,0.3065869477633707,right,right,0.5657780999899842,correct,1
Block 4: Monocular_Crowded,93,0.05,0.2808678430536772,right,right,0.6098251000512391,correct,1
Block 4: Monocular_Crowded,94,0.04,0.2927496777308071,right,right,0.49396920000435784,correct,1
Block 4: Monocular_Crowded,95,-0.04,0.30497459506612684,left,left,0.513596500037238,correct,1
Block 4: Monocular_Crowded,96,-0.03,0.3143081401299281,left,left,0.8265052999486215,correct,1
Block 4: Monocular_Crowded,97,0.03,0.31129946759378163,right,right,0.6172267000074498,correct,1
Block 4: Monocular_Crowded,98,-0.019999999999999997,0.306834112487488,left,left,0.5762883999850601,correct,1
Block 4: Monocular_Crowded,99,-0.019999999999999997,0.30436604182994986,left,left,0.4527997999684885,correct,1
Block 4: Monocular_Crowded,100,-0.009999999999999997,0.2906153661766767,left,left,0.5052626999677159,correct,1
Block 4: Monocular_Crowded,101,0.009999999999999997,0.31555389673765766,left,right,0.5645608999766409,false,0
Block 4: Monocular_Crowded,102,0.019999999999999997,0.2832811249095815,right,right,0.49224140000296757,correct,1
Block 4: Monocular_Crowded,103,0.019999999999999997,0.28983663792995895,right,right,0.5036820999812335,correct,1
Block 4: Monocular_Crowded,104,0.009999999999999997,0.28384912920471544,right,right,0.5278344000107609,correct,1
Block 4: Monocular_Crowded,105,-0.009999999999999997,0.2927133370663001,right,left,0.5032053000177257,false,0
Block 4: Monocular_Crowded,106,0.019999999999999997,0.31352228278037303,right,right,0.5210289999959059,correct,1
Block 4: Monocular_Crowded,107,-0.019999999999999997,0.30445013764139794,right,left,0.4840412000194192,false,0
Block 4: Monocular_Crowded,108,-0.03,0.29025417229492845,right,left,0.4948414000100456,false,0
Block 4: Monocular_Crowded,109,-0.04,0.3030782413817871,right,left,0.5138034999836236,false,0
Block 4: Monocular_Crowded,110,-0.05,0.31165940477984355,right,left,0.3706322999787517,false,0
Block 4: Monocular_Crowded,111,-0.060000000000000005,0.28471295110726924,right,left,0.26702680002199486,false,0
Block 4: Monocular_Crowded,112,-0.07,0.3107891381437674,right,left,0.3607133000041358,false,0
Block 4: Monocular_Crowded,113,-0.08,0.29533540779049616,right,left,0.360017400002107,false,0
Block 4: Monocular_Crowded,114,0.09,0.3196829456221794,right,right,0.6389345999923535,correct,1
Block 4: Monocular_Crowded,115,0.09,0.29552234047056364,right,right,0.4340049999882467,correct,1
Block 4: Monocular_Crowded,116,-0.08,0.3051708337536862,left,left,0.49549519998254254,correct,1
Block 4: Monocular_Crowded,117,-0.08,0.30134349118143505,left,left,0.4816714000189677,correct,1
Block 4: Monocular_Crowded,118,-0.07,0.2801208370492786,left,left,0.4921815000125207,correct,1
Block 4: Monocular_Crowded,119,0.07,0.3026934433158841,right,right,0.45081710000522435,correct,1
Block 4: Monocular_Crowded,120,-0.060000000000000005,0.2887428982300116,left,left,0.4645215999917127,correct,1
Block 4: Monocular_Crowded,121,-0.060000000000000005,0.30301940329706567,left,left,0.4952763999463059,correct,1
Block 4: Monocular_Crowded,122,-0.05,0.28071002857697114,left,left,0.5870420000283048,correct,1
Block 4: Monocular_Crowded,123,-0.05,0.30567451360349385,left,left,0.4233058000099845,correct,1
Block 4: Monocular_Crowded,124,-0.04,0.30345531586037205,left,left,0.5394052999909036,correct,1
Block 4: Monocular_Crowded,125,0.04,0.286967185680767,right,right,0.5245110000250861,correct,1
Block 4: Monocular_Crowded,126,0.03,0.31932514225461905,left,right,0.44275530002778396,false,0
Block 4: Monocular_Crowded,127,-0.04,0.28009553999275066,right,left,0.36102809995645657,false,0
Block 4: Monocular_Crowded,128,-0.05,0.29907873793229395,right,left,0.3289624999742955,false,0
Block 4: Monocular_Crowded,129,0.060000000000000005,0.2971737457019682,right,right,0.5365397999994457,correct,1
Block 4: Monocular_Crowded,130,-0.060000000000000005,0.28725419823483667,left,left,0.45260149997193366,correct,1
Block 4: Monocular_Crowded,131,0.05,0.2835469303112549,left,right,0.4810332999913953,false,0
Block 4: Monocular_Crowded,132,0.060000000000000005,0.3043453999249643,right,right,0.4235377000295557,correct,1
Block 4: Monocular_Crowded,133,-0.060000000000000005,0.28240410024379453,left,left,0.43211900000460446,correct,1
Block 4: Monocular_Crowded,134,-0.05,0.3059230748145814,left,left,0.5549753999803215,correct,1
Block 4: Monocular_Crowded,135,-0.05,0.2949804190102639,left,left,0.48367489996599033,correct,1
Block 4: Monocular_Crowded,136,0.04,0.30047044555632013,right,right,0.4568635000032373,correct,1
Block 4: Monocular_Crowded,137,0.04,0.31437860436244325,right,right,0.5549969999701716,correct,1
Block 4: Monocular_Crowded,138,-0.03,0.29964897697370285,right,left,0.4018495000200346,false,0
Block 4: Monocular_Crowded,139,0.04,0.29399547396722253,right,right,0.49437039997428656,correct,1
Block 4: Monocular_Crowded,140,-0.04,0.2895180852278221,right,left,0.34272689995123073,false,0
Block 4: Monocular_Crowded,141,-0.05,0.30041042665436,left,left,0.535053199972026,correct,1
Block 4: Monocular_Crowded,142,0.05,0.31615349777568175,right,right,0.4839792000129819,correct,1
Block 4: Monocular_Crowded,143,-0.04,0.2833968072192221,right,left,0.48485760000767186,false,0
Block 4: Monocular_Crowded,144,-0.05,0.29064371192212723,right,left,0.328226099954918,false,0
Block 4: Monocular_Crowded,145,-0.060000000000000005,0.29305305411189797,right,left,0.6364642000407912,false,0
Block 4: Monocular_Crowded,146,0.07,0.307976271835142,right,right,0.5264121000072919,correct,1
Block 4: Monocular_Crowded,147,0.07,0.2864614041489122,right,right,0.4843525000032969,correct,1
Block 4: Monocular_Crowded,148,-0.060000000000000005,0.3198940843084267,right,left,0.2487400000100024,false,0
Block 4: Monocular_Crowded,149,0.07,0.2901136850270507,right,right,0.6400055999984033,correct,1
Block 4: Monocular_Crowded,150,-0.07,0.3020505575560459,left,left,0.27757689997088164,correct,1
Block 4: Monocular_Crowded,151,-0.060000000000000005,0.30694883351137225,right,left,0.2574288000469096,false,0
Block 4: Monocular_Crowded,152,0.07,0.29219560238170944,left,right,0.39264019997790456,false,0
Block 4: Monocular_Crowded,153,-0.08,0.2956247498138681,left,left,0.6494052999769337,correct,1
Block 4: Monocular_Crowded,154,0.08,0.2894183444827548,right,right,0.42185879999306053,correct,1
Block 4: Monocular_Crowded,155,0.07,0.29122482853764775,right,right,0.3992771000484936,correct,1
Block 4: Monocular_Crowded,156,0.07,0.29873994764286493,right,right,0.38019599998369813,correct,1
Block 4: Monocular_Crowded,157,-0.060000000000000005,0.28553341364603535,left,left,0.4637712999829091,correct,1
Block 4: Monocular_Crowded,158,-0.060000000000000005,0.30241603829576996,left,left,0.4753692999947816,correct,1
Block 4: Monocular_Crowded,159,-0.05,0.28489885989650365,left,left,0.495191199996043,correct,1
Block 4: Monocular_Crowded,160,0.05,0.3039257215876357,right,right,0.5021674000308849,correct,1
Block 4: Monocular_Crowded,161,0.04,0.30242009640765316,right,right,0.4117870000191033,correct,1
Block 4: Monocular_Crowded,162,0.04,0.3100559956141836,right,right,0.4850986000383273,correct,1
Block 4: Monocular_Crowded,163,0.03,0.299770020099869,right,right,0.46243509999476373,correct,1
Block 4: Monocular_Crowded,164,0.03,0.2986992640407123,right,right,0.4023968999972567,correct,1
Block 4: Monocular_Crowded,165,-0.019999999999999997,0.30294304810382094,left,left,0.4957776000373997,correct,1
Block 4: Monocular_Crowded,166,0.019999999999999997,0.297051414368881,right,right,0.6178492999752052,correct,1
Block 4: Monocular_Crowded,167,0.009999999999999997,0.2875989254057835,left,right,0.4202274000272155,false,0
Block 4: Monocular_Crowded,168,0.019999999999999997,0.31885220221139216,right,right,0.49425709998467937,correct,1
Block 4: Monocular_Crowded,169,0.019999999999999997,0.28238215020226604,right,right,0.4943068999564275,correct,1
